{
  "fill" : {
    "automatic-gradient" : "display-p3:0.12732,0.10265,0.11553,1.00000"
  },
  "groups" : [
    {
      "layers" : [
        {
          "blend-mode-specializations" : [
            {
              "appearance" : "dark",
              "value" : "normal"
            }
          ],
          "fill-specializations" : [
            {
              "appearance" : "dark",
              "value" : "automatic"
            }
          ],
          "glass" : true,
          "hidden" : false,
          "image-name" : "ChatGPT Image Sep 7, 2025, 05_26_14 PM.png",
          "name" : "ChatGPT Image Sep 7, 2025, 05_26_14 PM",
          "position" : {
            "scale" : 1.28,
            "translation-in-points" : [
              0,
              0
            ]
          }
        }
      ],
      "shadow" : {
        "kind" : "neutral",
        "opacity" : 0.5
      },
      "translucency" : {
        "enabled" : true,
        "value" : 0.5
      }
    }
  ],
  "supported-platforms" : {
    "circles" : [
      "watchOS"
    ],
    "squares" : "shared"
  }
}